,step,train_loss,val_loss
0,0,5.252284049987793,0.717361488649922
1,50,0.7172984123229981,0.7103294499458805
